{
  "fill" : {
    "linear-gradient" : [
      "srgb:0.00000,0.00000,0.00000,1.00000",
      "srgb:0.00000,0.00000,0.00000,1.00000"
    ],
    "orientation" : {
      "start" : {
        "x" : 0.5,
        "y" : 0
      },
      "stop" : {
        "x" : 0.5,
        "y" : 0.7
      }
    }
  },
  "groups" : [
    {
      "layers" : [
        {
          "blend-mode" : "soft-light",
          "fill" : "automatic",
          "image-name" : "SP.svg",
          "name" : "SP"
        }
      ],
      "shadow" : {
        "kind" : "neutral",
        "opacity" : 0.5
      },
      "translucency" : {
        "enabled" : true,
        "value" : 0.5
      }
    }
  ],
  "supported-platforms" : {
    "circles" : [
      "watchOS"
    ],
    "squares" : "shared"
  }
}