{
  "fill" : {
    "linear-gradient" : [
      "extended-srgb:0.38039,0.33333,0.96078,1.00000",
      "extended-gray:0.25000,1.00000"
    ],
    "orientation" : {
      "start" : {
        "x" : 0.5,
        "y" : 0
      },
      "stop" : {
        "x" : 0.5,
        "y" : 0.7
      }
    }
  },
  "groups" : [
    {
      "layers" : [

      ],
      "shadow" : {
        "kind" : "neutral",
        "opacity" : 0.5
      },
      "translucency" : {
        "enabled" : true,
        "value" : 0.5
      }
    },
    {
      "layers" : [

      ],
      "shadow" : {
        "kind" : "neutral",
        "opacity" : 0.5
      },
      "translucency" : {
        "enabled" : true,
        "value" : 0.5
      }
    },
    {
      "layers" : [

      ],
      "shadow" : {
        "kind" : "neutral",
        "opacity" : 0.5
      },
      "translucency" : {
        "enabled" : true,
        "value" : 0.5
      }
    },
    {
      "layers" : [
        {
          "image-name" : "sun.svg",
          "name" : "sun",
          "position" : {
            "scale" : 1,
            "translation-in-points" : [
              -0.6580000000000382,
              -156.0000625
            ]
          }
        },
        {
          "image-name" : "rays.svg",
          "name" : "rays",
          "position" : {
            "scale" : 1,
            "translation-in-points" : [
              -0.5175000000000409,
              -165.703125
            ]
          }
        }
      ],
      "shadow" : {
        "kind" : "neutral",
        "opacity" : 0.5
      },
      "translucency" : {
        "enabled" : true,
        "value" : 0.5
      }
    },
    {
      "layers" : [
        {
          "fill" : {
            "solid" : "extended-gray:1.00000,1.00000"
          },
          "image-name" : "SP.svg",
          "name" : "SP",
          "position" : {
            "scale" : 2,
            "translation-in-points" : [
              0.2839999999999918,
              304.953125
            ]
          }
        },
        {
          "fill" : {
            "solid" : "extended-srgb:0.38039,0.33333,0.96078,1.00000"
          },
          "image-name" : "Vector.svg",
          "name" : "Vector",
          "position" : {
            "scale" : 2,
            "translation-in-points" : [
              -0.7595000000000027,
              199.3515625
            ]
          }
        }
      ],
      "shadow" : {
        "kind" : "neutral",
        "opacity" : 0.5
      },
      "translucency" : {
        "enabled" : true,
        "value" : 0.5
      }
    },
    {
      "layers" : [

      ],
      "shadow" : {
        "kind" : "neutral",
        "opacity" : 0.5
      },
      "translucency" : {
        "enabled" : true,
        "value" : 0.5
      }
    }
  ],
  "supported-platforms" : {
    "circles" : [
      "watchOS"
    ],
    "squares" : "shared"
  }
}